{"presets":
  {"Dark Alder":
    {"regular_font": "'Lucida Grande', 'Lucida Sans Unicode', 'Lucida Sans', Lucida, Helvetica, Arial, sans-serif",
     "use_logo_image": true,
     "link_color": "#971616",
     "rounded-corners": false,
     "show_facebook": true,
     "email_url": "birch@wood.com",
     "button_color": "#470b0b",
     "nav_font": "Georgia, Utopia, 'Times New Roman', Times, serif",
     "use_banner_image": true,
     "facebook_url": "http://facebook.com/markdunkley",
     "navigationhover_color": "#fff0c6",
     "pagebackground_color": "#473c2f",
     "bg_image": "bg-darkwood.jpg",
     "twitter_name": "markdunkley",
     "show_phone": true,
     "contentbackground_color": "#ffffff",
     "facebook_name": "Mark Dunkley",
     "buttonhover_color": "#930707",
     "buttontext_color": "#ffffff",
     "text_color": "#333333",
     "logo_color": "#ffffff",
     "heading_color": "#433307",
     "navigation_color": "#ffffff",
     "show_email": true,
     "productborder": "#F4F4F4",
     "productborderhover": "#e6e5df",
     "show_homepage": false,
     "twitter_url": "http://twitter.com/markdunkley",
     "contentborder_border": "#ffffff",
     "banner_url": "/collections/all",
     "show_twitter": true,
     "productbackground": "#ffffff",
     "logo_font": "Garamond, Baskerville, Caslon, serif",
     "linkhover_color": "#830606",
     "shadows": true,
     "phone_url": "866.704.0252"},
   "Slate":
    {"regular_font": "Helvetica, Arial, sans-serif",
     "use_logo_image": true,
     "link_color": "#69941e",
     "rounded-corners": true,
     "show_facebook": true,
     "email_url": "birch@wood.com",
     "button_color": "#5f9819",
     "nav_font": "Helvetica, Arial, sans-serif",
     "use_banner_image": true,
     "facebook_url": "http://facebook.com/markdunkley",
     "navigationhover_color": "#cacaca",
     "pagebackground_color": "#ffffff",
     "bg_image": "bg-slate.jpg",
     "twitter_name": "@markdunkley",
     "show_phone": true,
     "contentbackground_color": "#ffffff",
     "facebook_name": "Shopify",
     "buttonhover_color": "#39600c",
     "buttontext_color": "#fff",
     "text_color": "#333333",
     "logo_color": "#ffffff",
     "heading_color": "#676161",
     "navigation_color": "#ffffff",
     "show_email": true,
     "productborder": "#f9f9f9",
     "productborderhover": "#e2e2e2",
     "show_homepage": false,
     "twitter_url": "http://twitter.com/shopify",
     "contentborder_border": "#ffffff",
     "banner_url": "/collections/all",
     "show_twitter": true,
     "productbackground": "#ffffff",
     "logo_font": "Helvetica, Arial, sans-serif",
     "linkhover_color": "#5c850f",
     "shadows": true,
     "phone_url": "866.704.0252"},
   "Birchwood":
    {"use_logo_image": false,
     "regular_font": "'Lucida Grande', 'Lucida Sans Unicode', 'Lucida Sans', Lucida, Helvetica, Arial, sans-serif",
     "email_url": "birch@wood.com",
     "show_facebook": true,
     "rounded-corners": false,
     "link_color": "#a81600",
     "facebook_url": "http://facebook.com/markdunkley",
     "use_banner_image": true,
     "nav_font": "Georgia, Utopia, 'Times New Roman', Times, serif",
     "button_color": "#594e6c",
     "show_phone": true,
     "twitter_name": "@markdunkley",
     "bg_image": "bg-lightwood.jpg",
     "pagebackground_color": "#ffffff",
     "navigationhover_color": "#8675a3",
     "facebook_name": "Shopify",
     "contentbackground_color": "#ffffff",
     "buttontext_color": "#fff",
     "buttonhover_color": "#372d36",
     "show_email": true,
     "navigation_color": "#594e6c",
     "heading_color": "#676161",
     "logo_color": "#594e6c",
     "text_color": "#333333",
     "twitter_url": "http://twitter.com/shopify",
     "show_homepage": false,
     "productborderhover": "#e6e5df",
     "productborder": "#f4f4f4",
     "show_twitter": true,
     "contentborder_border": "#d4c8b7",
     "banner_url": "/collections/all",
     "logo_font": "Garamond, Baskerville, Caslon, serif",
     "productbackground": "#ffffff",
     "phone_url": "866.704.0252",
     "shadows": false,
     "linkhover_color": "#530b00"}},
 "current": "Birchwood"}